<?xml version="1.0" encoding="UTF-8"?>
<beans xmlns="http://www.springframework.org/schema/beans"
   xmlns:xsi="http://www.w3.org/2001/XMLSchema-instance"
   xmlns:context="http://www.springframework.org/schema/context"
   xmlns:mybatis-spring="http://mybatis.org/schema/mybatis-spring"
   xsi:schemaLocation="http://mybatis.org/schema/mybatis-spring http://mybatis.org/schema/mybatis-spring-1.2.xsd
      http://www.springframework.org/schema/beans http://www.springframework.org/schema/beans/spring-beans.xsd
      http://www.springframework.org/schema/context http://www.springframework.org/schema/context/spring-context-4.3.xsd">

   <!-- 구분자 사용 나열(빈칸, 콤마, 세미콜른등) -->
   <!-- <context:component-scan base-package="com.spring.biz.board, com.spring.biz.user" /> -->
   <context:component-scan base-package="com.hospital" use-default-filters="true">
      <context:exclude-filter type="annotation" 
            expression="org.springframework.stereotype.Controller"/>
   </context:component-scan>
   
   <mybatis-spring:scan base-package="com.hospital.mapper, com.hospital.dao"/>
   <!-- ==== Spring JDBC 관련 설정 ===== -->
   <!-- DataSource 설정 -->
   <bean id="dataSource" class="org.apache.commons.dbcp2.BasicDataSource"
         destroy-method="close">
      <property name="driverClassName" value="oracle.jdbc.OracleDriver" />
     <property name="url" value="jdbc:oracle:thin:@192.168.18.15:1521:xe" />
      <property name="username" value="project" />
      <property name="password" value="123" />
   </bean>
   
   <!-- 스프링JDBC : JdbcTemplate 객체 생성 -->
   <bean id="jdbcTemplate" class="org.springframework.jdbc.core.JdbcTemplate">
      <property name="dataSource" ref="dataSource"></property>
   </bean>
   
   
   
   <!-- 스프링-마이바티스 연동 설정 -->
   <bean id="sqlSessionFactory" class="org.mybatis.spring.SqlSessionFactoryBean">
      <property name="dataSource" ref="dataSource" />
      <!-- <property name="configLocation" value="classpath:mybatis-config.xml" /> -->
      <property name="mapperLocations" value="classpath:sqlmap/**/*Mapper.xml"></property>
      
      <property name="configuration">
         <bean class="org.apache.ibatis.session.Configuration">
            <property name="jdbcTypeForNull" value="NULL" />
            <property name="mapUnderscoreToCamelCase" value="true" />
         </bean>
      </property>
      
      <!-- alias 설정 : 해당위치의 클래스명 첫글자 소문자인 명칭을 별칭 사용 -->
      <property name="typeAliasesPackage" value="com.hospital" />
   </bean>
   
   <bean class="org.mybatis.spring.SqlSessionTemplate">
      <constructor-arg ref="sqlSessionFactory" />
   </bean>
   
   <!-- === Mapper 인터페이스 사용 방식 적용 ==== -->
   <!--(방법1) 패키지 경로를 구분해서 사용하는 방식 -->
   <!-- <mybatis-spring:scan base-package="com.spring.biz.**.dao"/> -->
   
   <!--(방법2) 타입(@Mapper)으로 찾아서 사용  -->
   <mybatis-spring:scan base-package="com.hospital"
      annotation="org.apache.ibatis.annotations.Mapper"/>

</beans>













