<?xml version="1.0" encoding="UTF-8" ?>
<!DOCTYPE mapper
  PUBLIC "-//mybatis.org//DTD Mapper 3.0//EN"
  "http://mybatis.org/dtd/mybatis-3-mapper.dtd">

<mapper namespace="com.hospital.dao.ReferralDAO">

    <select id="convertToReferralRequest" parameterType="int" resultType="com.hospital.vo.ReferralRequestVO">
        SELECT 
            p.patient_name AS patientName,
            p.patient_rrn AS rrn,
            p.patient_phone AS contact
        FROM medical_records mr
        JOIN reservations r ON mr.reservation_id = r.reservation_id
        JOIN patients p ON r.patient_no = p.patient_no
        WHERE mr.record_id = #{recordId}
    </select>

    <select id="getAllPartnerHospitals" resultType="com.hospital.vo.PartnerHospitalVO">
        SELECT * FROM partner_hospitals ORDER BY name
    </select>

    <insert id="insertReferralRequest" parameterType="com.hospital.vo.ReferralRequestVO">
        INSERT INTO referral_requests (
            request_id, user_id, patient_name, rrn, contact,
            department, doctor_id, hope_date, reason, symptoms,
            hospital_id, status, created_at
        ) VALUES (
            seq_request_id.NEXTVAL, #{userId}, #{patientName}, #{rrn}, #{contact},
            #{department}, #{doctorId}, #{hopeDate}, #{reason}, #{symptoms},
            #{hospitalId}, #{status}, SYSDATE
        )
    </insert>

    <select id="getDoctorsByHospital" parameterType="int" resultType="com.hospital.vo.UserVO">
        SELECT * FROM users
        WHERE role = 'coop'
        AND hospital_id = #{hospitalId}
        ORDER BY name
    </select>

</mapper>
