<?xml version="1.0" encoding="UTF-8" ?>
<!DOCTYPE mapper
  PUBLIC "-//mybatis.org//DTD Mapper 3.0//EN"
  "http://mybatis.org/dtd/mybatis-3-mapper.dtd">

<mapper namespace="com.hospital.dao.ReservationDAO">
<insert id="insertReservation" parameterType="ReservationVO">
    <selectKey keyProperty="reservationId" resultType="int" order="BEFORE">
        SELECT seq_reservation_id.NEXTVAL FROM dual
    </selectKey>
    
    INSERT INTO reservations (
        reservation_id,
        patient_no,
        department,
        doctor_id,
        reservation_date,
        status,
        created_at,
        schedule_id,
        schedule_time
    ) VALUES (
        #{reservationId},
        #{patientNo},
        #{department},
        #{doctorId},
        #{reservationDate},
        #{status},
        SYSDATE,
        #{scheduleId},
        #{scheduleTime}
    )
</insert>
 <!-- ✅ 이미 예약된 스케줄 ID 조회 -->
    <select id="getReservedScheduleIds" resultType="int">
        SELECT schedule_id
        FROM reservations
        WHERE status != '취소'  <!-- 취소된 건 제외 -->
    </select>
    
    <!-- 기존 환자 존재 여부 확인 -->
<select id="findExistingPatient" resultType="int">
    SELECT NVL(MAX(patient_no), 0)
    FROM patients
    WHERE patient_name = #{name}
      AND patient_rrn = #{ssn}
</select>



<!-- 비회원 환자 삽입 -->
<insert id="insertNonMember" parameterType="map">
    <selectKey keyProperty="patientNo" resultType="int" order="BEFORE">
        SELECT seq_patient_no.NEXTVAL FROM dual
    </selectKey>

    INSERT INTO patients (
        patient_no,
        patient_name,
        patient_rrn,
        patient_phone,
        patient_created_at
    ) VALUES (
        #{patientNo},
        #{name},
        #{ssn},
        #{phone},
        SYSDATE
    )
</insert>

<!-- 문진표 저장 -->
<insert id="insertQuestionnaire" parameterType="map">
    INSERT INTO medical_questionnaires (
        questionnaire_id,
        reservation_id,
        content,
        submitted_at
    ) VALUES (
        seq_questionnaire_id.NEXTVAL,
        #{reservationId},
        #{content},
        SYSDATE
    )
</insert>

<!-- ✅ 주민번호 기준 회원 여부 확인 -->
<select id="isExistingMember" resultType="int">
    SELECT COUNT(*)
    FROM patients
    WHERE patient_rrn = #{ssn}
      AND patient_user_id IS NOT NULL
      AND patient_password IS NOT NULL
</select>


<select id="isExistingSSNOnly" resultType="int">
    SELECT COUNT(*)
    FROM patients
    WHERE patient_rrn = #{ssn}
</select>
<!-- 의사 이름 + 진료과로 doctor_id 찾기 -->
<select id="getDoctorIdByNameAndDepartment" resultType="string">
    SELECT user_id
    FROM users
    WHERE name = #{name}
      AND dept_id = #{department}
      AND role = 'doctor'
</select>

<select id="getReservationsByPatientNo" parameterType="int" resultType="com.hospital.vo.ReservationVO">
    SELECT *
    FROM reservations
    WHERE patient_no = #{patientNo}
      AND status != '취소'
    ORDER BY reservation_date DESC
</select>


<select id="getReservationsForNonMember" resultType="com.hospital.vo.ReservationVO">
    SELECT *
    FROM reservations r
    JOIN patients p ON r.patient_no = p.patient_no
    WHERE p.patient_name = #{name}
      AND p.patient_no = #{patientNo}
    ORDER BY reservation_date DESC
</select>


<select id="getPatientNoByUserId" resultType="int" parameterType="string">
    SELECT patient_no
    FROM patients
    WHERE patient_user_id = #{userId}
</select>


<update id="updateStatusToCompleted">
    UPDATE reservations
    SET status = '완료'
    WHERE reservation_id = #{reservationId}
</update>

<!-- 예약 수정 -->
<update id="updateReservation" parameterType="com.hospital.vo.ReservationVO">
    UPDATE reservations
    SET doctor_id = #{doctorId},
        department = #{department},
        reservation_date = #{reservationDate},
        schedule_id = #{scheduleId},
        schedule_time = #{scheduleTime}
    WHERE reservation_id = #{reservationId}
</update>


<update id="cancelReservation" parameterType="int">
    UPDATE reservations
    SET status = '취소'
    WHERE reservation_id = #{reservationId}
</update>

</mapper>