<?xml version="1.0" encoding="UTF-8" ?>
<!DOCTYPE mapper
  PUBLIC "-//mybatis.org//DTD Mapper 3.0//EN"
  "http://mybatis.org/dtd/mybatis-3-mapper.dtd">

<mapper namespace="com.hospital.dao.UserDAO">
	<select id="login" parameterType="com.hospital.vo.UserVO"
		resultType="com.hospital.vo.UserVO">
		SELECT * FROM users
		WHERE user_id = #{userId}
		AND password =
		#{password}
	</select>

	<insert id="insertUser" parameterType="com.hospital.vo.UserVO">
		INSERT INTO users (
		user_id, password, name, rrn, gender, phone, email, role, hospital_id,
		dept_id)
		VALUES (#{userId}, #{password}, #{name}, #{rrn}, #{gender},
		#{phone},
		#{email}, #{role},
		#{hospitalId}, #{deptId})
	</insert>

	<insert id="insertDoctorInfo"
		parameterType="com.hospital.vo.DoctorVO">
		INSERT INTO doctor_info (
		doctor_id, dept_id, specialty,
		bio,
		profile_image_path
		) VALUES (
		#{doctorId}, #{deptId}, #{specialty},
		#{bio},
		#{profileImagePath}
		)
	</insert>


	<select id="selectHospitals"
		resultType="com.hospital.vo.PartnerHospitalVO">
		SELECT hospital_id, name FROM partner_hospitals ORDER BY
		name
	</select>

	<select id="selectDepartments"
		resultType="com.hospital.vo.DepartmentVO">
		SELECT dept_id, name FROM departments ORDER BY name
	</select>

	<select id="existsByUserId" parameterType="String"
		resultType="boolean">
		SELECT COUNT(*) > 0 FROM users WHERE user_id = #{userId}
	</select>

	<select id="existsByRrn" parameterType="String"
		resultType="boolean">
		SELECT COUNT(*) > 0 FROM users WHERE rrn = #{rrn}
	</select>

	<select id="existsByEmail" parameterType="String"
		resultType="boolean">
		SELECT COUNT(*) > 0 FROM users WHERE email = #{email}
	</select>
	
	<select id="getDoctorNamesByDeptId" parameterType="string" resultType="string">
    SELECT name
    FROM users
    WHERE role = 'doctor'
      AND dept_id = #{deptId}
	</select>

	<select id="getDoctorIdByName" parameterType="String" resultType="String">
    SELECT user_id
    FROM users
    WHERE name = #{name}
</select>
	
	
	
	

</mapper>
