<?xml version="1.0" encoding="UTF-8" ?>
<!DOCTYPE mapper
  PUBLIC "-//mybatis.org//DTD Mapper 3.0//EN"
  "http://mybatis.org/dtd/mybatis-3-mapper.dtd">

<mapper namespace="com.hospital.dao.PatientDAO">

	<!-- 공통 insert -->
	<insert id="insertPatient" parameterType="com.hospital.vo.PatientVO">
		INSERT INTO patients (
			patient_no, patient_user_id,
			patient_password, patient_name,
			patient_rrn, patient_gender,
			patient_phone, patient_email
		) VALUES (
			seq_patient_no.NEXTVAL,
			#{patientUserId}, #{patientPassword}, #{patientName},
			#{patientRrn}, #{patientGender}, #{patientPhone}, #{patientEmail}
		)
	</insert>

	<!-- 로그인 -->
	<select id="login" parameterType="com.hospital.vo.PatientVO" resultType="com.hospital.vo.PatientVO">
		SELECT * FROM patients
		WHERE patient_user_id = #{patientUserId}
		AND patient_password = #{patientPassword}
	</select>

	<!-- 중복 검사 (불린 반환 버전만 유지) -->
	<select id="existsByUserId" parameterType="String" resultType="boolean">
		SELECT COUNT(*) > 0 FROM patients WHERE patient_user_id = #{userId}
	</select>

	<select id="existsByRrn" parameterType="String" resultType="boolean">
		SELECT COUNT(*) > 0 FROM patients WHERE patient_rrn = #{rrn}
	</select>

	<select id="existsByEmail" parameterType="String" resultType="boolean">
		SELECT COUNT(*) > 0 FROM patients WHERE patient_email = #{email}
	</select>

	<!-- 전체 환자 조회 -->
	<select id="getAllPatients" resultType="com.hospital.vo.PatientVO">
		SELECT * FROM patients ORDER BY patient_no DESC
	</select>

	<!-- 특정 환자 조회 -->
	<select id="getPatientByNo" parameterType="int" resultType="com.hospital.vo.PatientVO">
		SELECT * FROM patients WHERE patient_no = #{patientNo}
	</select>

	<!-- 키워드 검색 -->
	<select id="searchPatients" parameterType="string" resultType="com.hospital.vo.PatientVO">
		SELECT * FROM patients
		WHERE LOWER(patient_user_id) LIKE '%' || LOWER(#{keyword}) || '%'
		OR LOWER(patient_name) LIKE '%' || LOWER(#{keyword}) || '%'
		ORDER BY patient_no DESC
	</select>

	<!-- 환자 삭제 -->
	<delete id="deletePatientByUserId" parameterType="String">
		DELETE FROM patients WHERE patient_user_id = #{patientUserId}
	</delete>

	<delete id="deletePatient" parameterType="int">
		DELETE FROM patients WHERE patient_no = #{patientNo}
	</delete>

	<delete id="logdeletePatient" parameterType="String">
		DELETE FROM patients WHERE PATIENT_USER_ID = #{patientUserId}
	</delete>

	<!-- 소셜 환자 등록 -->
	<insert id="insertSocialPatient" parameterType="com.hospital.vo.PatientVO">
		INSERT INTO patients (
			patient_no, patient_user_id,
			patient_password,
			patient_name, patient_rrn, patient_gender,
			patient_phone, patient_email
		) VALUES (
			seq_patient_no.NEXTVAL,
			#{patientUserId}, '',
			#{patientName}, #{patientRrn}, '기타', '',
			#{patientEmail}
		)
	</insert>

	<!-- 이메일로 환자 찾기 -->
	<select id="findPatientByEmail" parameterType="string" resultType="com.hospital.vo.PatientVO">
		SELECT * FROM patients WHERE patient_email = #{email}
	</select>

	<!-- 사용자 ID로 환자 조회 -->
	<select id="selectPatientByUserId" parameterType="String" resultType="com.hospital.vo.PatientVO">
		SELECT
			patient_no,
			patient_user_id,
			patient_password,
			patient_name,
			patient_rrn,
			patient_gender,
			patient_phone,
			patient_email,
			patient_created_at
		FROM
			patients
		WHERE
			patient_user_id = #{patientUserId}
	</select>

</mapper>
