<?xml version="1.0" encoding="UTF-8" ?>
<!DOCTYPE mapper
  PUBLIC "-//mybatis.org//DTD Mapper 3.0//EN"
  "http://mybatis.org/dtd/mybatis-3-mapper.dtd">

<mapper namespace="com.hospital.dao.AdminDAO">

	<!-- ResultMap -->
	<resultMap id="ReservationResultMap"
		type="com.hospital.vo.ReservationVO">
		<result property="reservationId" column="reservation_id" />
		<result property="doctorId" column="doctor_id" />
		<result property="scheduleTime" column="schedule_time" />
		<result property="status" column="status" />
		<result property="patientName" column="patient_name" />
		<result property="patientPhone" column="patient_phone" />
		<result property="doctorName" column="doctor_name" />
		<result property="departmentName" column="department_name" />
		<result property="patientNo" column="patient_no" />
	</resultMap>



	<!-- 관리자 로그인 -->
	<select id="login" resultType="com.hospital.vo.AdminVO">
		SELECT * FROM admins
		WHERE admin_id
		= #{adminId}
		AND password = #{password}
	</select>

	<!-- 관리자 추가 -->
	<insert id="insertAdmin" parameterType="com.hospital.vo.AdminVO">
		INSERT INTO admins
		(admin_id, password, name, email, phone, created_at)
		VALUES
		(#{adminId}, #{password}, #{name}, #{email}, #{phone}, SYSDATE)
	</insert>

	<!-- 입원 환자수 확인 -->
	<select id="countAdmittedPatients" resultType="int">
		SELECT COUNT(*)
		FROM ward_patients WHERE status = '입원'
	</select>

	<!-- 미열람 공지 수 -->
	<select id="countUnreadNotices" resultType="int">
		SELECT COUNT(*) FROM
		(
		SELECT mn.notice_id
		FROM medical_notices mn
		CROSS JOIN users u
		LEFT JOIN
		medical_notice_reads mr
		ON mn.notice_id = mr.notice_id AND u.user_id =
		mr.user_id
		WHERE mr.user_id IS NULL
		)
	</select>

	<!-- 진료 의뢰 전체 건수 -->
	<select id="countTotalReferrals" resultType="int">
		SELECT COUNT(*) FROM
		referral_requests
	</select>

	<!-- 회신 완료된 진료 의뢰 건수 -->
	<select id="countRepliedReferrals" resultType="int">
		SELECT COUNT(*)
		FROM referral_requests WHERE status = '회신완료'
	</select>

	<!-- 피드백 상태별 건수 -->
	<select id="countFeedbackByStatus" parameterType="String"
		resultType="int">
		SELECT COUNT(*) FROM feedbacks WHERE status = #{status}
	</select>

	<!-- 최근 피드백 5건 조회 -->
	<select id="getRecentFeedbacksByStatus" parameterType="String"
		resultType="com.hospital.vo.FeedbackVO">
		<![CDATA[
			SELECT * FROM (
				SELECT * FROM feedbacks
				WHERE status = #{status}
				ORDER BY created_at DESC
			)
			WHERE ROWNUM <= 5
		]]>
	</select>

	<!-- 최근 7일 예약 통계 -->
	<select id="getReservationStatsLast7Days"
		resultType="com.hospital.vo.ReservationVO">
		SELECT
		TO_CHAR(created_at, 'YYYY-MM-DD') AS resvDate,
		COUNT(*) AS resvCount
		FROM reservations
		WHERE created_at >=
		TRUNC(SYSDATE) - 6
		GROUP BY TO_CHAR(created_at, 'YYYY-MM-DD')
		ORDER BY
		resvDate
	</select>

	<!-- 유저 역할 수정 -->
	<update id="updateUserRole">
		UPDATE users
		SET role = #{role}
		WHERE user_id =
		#{userId}
	</update>

	<!-- 권한 수정 조회용 -->
	<select id="getAllUsers" resultType="com.hospital.vo.UserVO">
		SELECT user_id, name, role
		FROM users
		ORDER BY created_at DESC
	</select>

	<!-- 전체 날짜별 예약 건수 -->
	<select id="getReservationSummaryByDateRange"
		resultType="com.hospital.vo.ReservationVO">
		SELECT TO_CHAR(reservation_date, 'YYYY-MM-DD') AS resvDate,
		COUNT(*) AS resvCount
		FROM reservations
		GROUP BY
		TO_CHAR(reservation_date, 'YYYY-MM-DD')
		ORDER BY resvDate
	</select>

	<!-- 특정일 예약 현황 불러오기 (resultMap 적용) -->
	<select id="getReservationsByDate" parameterType="string"
		resultMap="ReservationResultMap">
		SELECT
		r.reservation_id,
		r.doctor_id,
		r.schedule_time,
		r.status,
		p.patient_name
		AS patient_name,
		p.patient_phone AS
		patient_phone,
		u.name AS
		doctor_name,
		d.name AS department_name,
		r.patient_no
		FROM reservations r
		JOIN patients p ON r.patient_no =
		p.patient_no
		JOIN doctor_info di ON r.doctor_id = di.doctor_id
		JOIN
		users u ON u.user_id = di.doctor_id
		LEFT JOIN departments d ON
		d.dept_id = di.dept_id
		WHERE TO_CHAR(r.reservation_date, 'YYYY-MM-DD')
		= #{date}
		ORDER BY r.schedule_time
	</select>




</mapper>
