<?xml version="1.0" encoding="UTF-8" ?>
<!DOCTYPE mapper
  PUBLIC "-//mybatis.org//DTD Mapper 3.0//EN"
  "http://mybatis.org/dtd/mybatis-3-mapper.dtd">

<mapper namespace="com.hospital.dao.DoctorScheduleDAO">

	<select id="getSchedulesByDoctorId"
		resultType="com.hospital.vo.DoctorScheduleVO">
		SELECT * FROM doctor_schedules WHERE doctor_id =
		#{doctorId} ORDER BY schedule_date
	</select>

	<delete id="deleteSchedule" parameterType="int">
		DELETE FROM
		doctor_schedules WHERE schedule_id = #{scheduleId}
	</delete>

	<select id="getScheduleById"
		resultType="com.hospital.vo.DoctorScheduleVO">
		SELECT * FROM doctor_schedules WHERE schedule_id =
		#{scheduleId}
	</select>

	<update id="updateSchedule"
		parameterType="com.hospital.vo.DoctorScheduleVO">
		UPDATE doctor_schedules
		SET schedule_date =
		#{scheduleDate},
		schedule_time = #{scheduleTime},
		note = #{note}
		WHERE
		schedule_id = #{scheduleId}
	</update>

	<insert id="insertSchedule"
		parameterType="com.hospital.vo.DoctorScheduleVO">
		INSERT INTO doctor_schedules (
		schedule_id, doctor_id,
		schedule_date, schedule_time, note, created_at
		) VALUES (
		seq_schedule_id.NEXTVAL, #{doctorId}, #{scheduleDate},
		#{scheduleTime}, #{note}, SYSDATE
		)
	</insert>

</mapper>

