<?xml version="1.0" encoding="UTF-8" ?>
<!DOCTYPE mapper
  PUBLIC "-//mybatis.org//DTD Mapper 3.0//EN"
  "http://mybatis.org/dtd/mybatis-3-mapper.dtd">

<mapper namespace="eventMapper">

	<select id="selectEventsByCategoryInfo" parameterType="string"
		resultType="com.hospital.vo.EventVO">
		SELECT * FROM events
		WHERE category = #{category}
		ORDER BY
		created_at DESC
	</select>

	<select id="selectEventByIdInfo"
		resultType="com.hospital.vo.EventVO">
		SELECT * FROM events
		WHERE event_id = #{eventId}
	</select>

	<insert id="insertEventInfo"
		parameterType="com.hospital.vo.EventVO">
		<selectKey keyProperty="eventId" resultType="int"
			order="BEFORE">
			SELECT SEQ_EVENT_ID.NEXTVAL FROM DUAL
		</selectKey>
		INSERT INTO events (
		event_id, title, description, created_by,
		created_at, category,
		reporter, source, thumbnail_path
		) VALUES (
		seq_event_id.NEXTVAL, #{title}, #{description}, #{createdBy}, SYSDATE,
		#{category},
		#{reporter}, #{source}, #{thumbnailPath}
		)
	</insert>

	<update id="updateEventInfo"
		parameterType="com.hospital.vo.EventVO">
		UPDATE events SET
		title = #{title},
		category = #{category},
		description =
		#{description},
		location = #{location},
		speaker = #{speaker},
		start_date
		= #{startDate},
		end_date = #{endDate},
		time_info = #{timeInfo},
		contact =
		#{contact},
		thumbnail_path = #{thumbnailPath},  <!-- ✅ 추가 -->
		updated_at = SYSDATE
		WHERE event_id = #{eventId}
	</update>


	<delete id="deleteEventInfo" parameterType="int">
		DELETE FROM events
		WHERE event_id = #{eventId}
	</delete>

	<select id="selectGeneralInfoEventsInfo"
		resultType="com.hospital.vo.EventVO">
		SELECT * FROM events
		WHERE category IN ('공지', '소식', '채용',
		'언론')
		ORDER BY created_at DESC
	</select>

	<!-- 페이징 -->
	<select id="countEventsByCategory" parameterType="string"
		resultType="int">
		SELECT COUNT(*) FROM events WHERE category = #{category}
	</select>

	<select id="selectEventsByCategoryWithPaging"
		parameterType="map" resultType="com.hospital.vo.EventVO">
		SELECT * FROM (
		SELECT ROWNUM rn, A.*
		FROM (
		SELECT * FROM events
		WHERE category = #{category}
		ORDER BY
		created_at DESC
		) A
		WHERE ROWNUM &lt;= (#{offset} + #{pageSize})
		)
		WHERE
		rn &gt; #{offset}
	</select>

	<update id="updateViewCount" parameterType="int">
		UPDATE events
		SET
		view_count = view_count + 1
		WHERE event_id = #{eventId}
	</update>


	<select id="selectFilteredEvents" parameterType="map"
		resultType="EventVO">
		SELECT * FROM (
		SELECT e.*, ROWNUM rn
		FROM (
		SELECT *
		FROM events
		WHERE
		category IN
		<foreach collection="categories" item="cat" open="("
			separator="," close=")">
			#{cat}
		</foreach>
		AND status = '게시'
		ORDER BY created_at DESC
		) e
		WHERE ROWNUM &lt;=
		#{offset} + #{limit}
		)
		WHERE rn &gt; #{offset}
	</select>
	<insert id="insertLectureEvent"
		parameterType="com.hospital.vo.EventVO">
		INSERT INTO EVENTS (
		EVENT_ID,
		TITLE,
		CATEGORY,
		START_DATE,
		END_DATE,
		LOCATION,
		SPEAKER,
		TIME_INFO,
		CONTACT,
		DESCRIPTION,
		CREATED_BY,
		CREATED_AT,
		STATUS
		) VALUES (
		EVENTS_SEQ.NEXTVAL,
		#{title},
		#{category},
		#{startDate},
		#{endDate},
		#{location},
		#{speaker},
		#{timeInfo},
		#{contact},
		#{description},
		#{createdBy},
		SYSDATE,
		#{status}
		)
	</insert>



	<!-- 공지사항 카테고리 전체 조회 -->
	<select id="getEventsByCategory" parameterType="String"
		resultType="com.hospital.vo.EventVO">
		SELECT * FROM EVENTS
		WHERE CATEGORY = #{category}
		ORDER BY CREATED_AT DESC
	</select>




</mapper>
