<?xml version="1.0" encoding="UTF-8" ?>
<!DOCTYPE mapper
  PUBLIC "-//mybatis.org//DTD Mapper 3.0//EN"
  "http://mybatis.org/dtd/mybatis-3-mapper.dtd">

<mapper namespace="com.hospital.mapper.NoticeMapper">

	<!-- 공지 등록 -->
	<insert id="insertNotice"
		parameterType="com.hospital.vo.NoticeVO">
		INSERT INTO hospital_notices (
		notice_id, title, content, created_by, created_at
		) VALUES (
		SEQ_HOSPITAL_NOTICE_ID.NEXTVAL,
		#{title}, #{content}, #{createdBy, jdbcType=VARCHAR}, SYSDATE
		)
	</insert>

	<!-- 전체 목록 조회 -->
	<select id="getAllNotices" resultType="com.hospital.vo.NoticeVO">
		SELECT
		notice_id,
		title,
		content,
		created_by AS createdBy,
		created_at,
		'관리자' AS writer  <!-- writer 필드는 DB에 없고 NoticeVO에만 있으므로 하드코딩 -->
		FROM hospital_notices
		ORDER BY notice_id DESC
	</select>

	<!-- 상세 조회 -->
	<select id="getNoticeById" parameterType="int"
		resultType="com.hospital.vo.NoticeVO">
		SELECT
		notice_id,
		title,
		content,
		created_by AS createdBy,
		created_at,
		'관리자' AS writer
		FROM hospital_notices
		WHERE notice_id = #{id}
	</select>

	<!-- 수정 -->
	<update id="updateNotice"
		parameterType="com.hospital.vo.NoticeVO">
		UPDATE hospital_notices
		SET title = #{title},
		content = #{content}
		WHERE notice_id = #{noticeId}
	</update>

	<!-- 삭제 -->
	<delete id="deleteNotice" parameterType="int">
		DELETE FROM hospital_notices
		WHERE notice_id = #{id}
	</delete>

</mapper>
