<?xml version="1.0" encoding="UTF-8" ?>
<!DOCTYPE mapper
  PUBLIC "-//mybatis.org//DTD Mapper 3.0//EN"
  "http://mybatis.org/dtd/mybatis-3-mapper.dtd">

<mapper namespace="com.hospital.dao.ReferralDAO">

	<select id="getAllReferrals"
		resultType="com.hospital.vo.ReferralRequestVO">
		SELECT r.*, u.name AS user_name, h.name AS hospital_name
		FROM referral_requests r
		LEFT JOIN users u ON r.user_id = u.user_id
		LEFT JOIN partner_hospitals h ON r.hospital_id = h.hospital_id
		ORDER BY
		r.created_at DESC
	</select>

	<select id="getReferralsByStatus"
		resultType="com.hospital.vo.ReferralRequestVO">
		SELECT * FROM referral_requests
		WHERE status = #{status}
		ORDER BY created_at DESC
	</select>

	<select id="getReferralById" parameterType="int"
		resultType="com.hospital.vo.ReferralRequestVO">
		SELECT * FROM referral_requests
		WHERE request_id =
		#{requestId}
	</select>

	<update id="updateReferralStatus">
		UPDATE referral_requests
		SET status = #{status}
		WHERE
		request_id = #{requestId}
	</update>

	<insert id="insertReferral"
		parameterType="com.hospital.vo.ReferralRequestVO">
		INSERT INTO
		referral_requests (
		request_id, user_id,
		hospital_id, patient_name,
		rrn, contact,
		department, hope_date,
		doctor_id, symptoms, reason,
		status, created_at
		)
		VALUES (
		SEQ_REQUEST_ID.NEXTVAL, #{userId},
		#{hospitalId}, #{patientName},
		#{rrn}, #{contact}, #{department}, #{hopeDate},
		#{doctorId},
		#{symptoms}, #{reason},
		#{status}, SYSDATE
		)
	</insert>


	<select id="getReferralsByUserId" parameterType="String"
		resultType="referralRequestVO">
		SELECT *
		FROM referral_requests
		WHERE user_id = #{userId}
		ORDER BY created_at DESC
	</select>

	<select id="getReferralsSorted"
		resultType="com.hospital.vo.ReferralRequestVO">
		SELECT
		r.*,
		u.name AS user_name,
		h.name AS hospital_name
		FROM referral_requests r
		LEFT JOIN users u ON r.user_id = u.user_id
		LEFT JOIN partner_hospitals h ON r.hospital_id = h.hospital_id
		<where>
			<if test="status != null and status != ''">
				r.status = #{status}
			</if>
		</where>
		<choose>
			<when test="sort == 'hope_date'">
				ORDER BY r.hope_date ${order}
			</when>
			<otherwise>
				ORDER BY r.created_at ${order}
			</otherwise>
		</choose>
	</select>


	<select id="getReferralsByKeyword" parameterType="String"
		resultType="com.hospital.vo.ReferralRequestVO">
		SELECT
		r.*,
		u.name AS user_name,
		h.name AS hospital_name
		FROM
		referral_requests r
		JOIN users u ON r.user_id = u.user_id
		JOIN
		partner_hospitals h ON r.hospital_id = h.hospital_id
		WHERE
		LOWER(u.user_id) LIKE '%' || LOWER(#{keyword}) || '%'
		OR LOWER(u.name)
		LIKE '%' || LOWER(#{keyword}) || '%'
		OR LOWER(h.name) LIKE '%' ||
		LOWER(#{keyword}) || '%'
		ORDER BY r.created_at DESC
	</select>

</mapper>
