<?xml version="1.0" encoding="UTF-8" ?>
<!DOCTYPE mapper
  PUBLIC "-//mybatis.org//DTD Mapper 3.0//EN"
  "http://mybatis.org/dtd/mybatis-3-mapper.dtd">

<mapper namespace="com.hospital.dao.ReservationDAO">

	<!-- 특정 환자의 예약 목록 조회 -->
	<select id="getReservationsByPatientNo"
		resultType="com.hospital.vo.ReservationVO">
		SELECT
		r.reservation_id,
		r.patient_no,
		r.doctor_id,
		r.department,
		r.reservation_date,
		r.status,
		r.schedule_time,
		r.created_at,
		r.schedule_id,
		u.name AS doctor_name,
		d.name AS
		department_name
		FROM reservations r
		JOIN doctor_info di ON r.doctor_id =
		di.doctor_id
		JOIN users u ON u.user_id = di.doctor_id
		LEFT JOIN
		departments d ON d.dept_id = di.dept_id
		WHERE r.patient_no =
		#{patientNo}
		ORDER BY r.reservation_date DESC, r.schedule_time
	</select>
	<!-- 예약 -->
	<insert id="insertReservation"
		parameterType="com.hospital.vo.ReservationVO">
		INSERT INTO reservations (
		reservation_id, patient_no,
		department, doctor_id,
		reservation_date, schedule_time, schedule_id,
		status, created_at
		) VALUES (
		seq_reservation_id.NEXTVAL,
		#{patientNo},
		#{department}, #{doctorId},
		#{reservationDate}, #{scheduleTime},
		#{scheduleId}, #{status}, SYSDATE
		)
	</insert>

	<update id="updateReservationStatus">
		UPDATE reservations SET status = #{status}
		WHERE
		reservation_id = #{reservationId}
	</update>

	<select id="countTodayReservations" resultType="int">
		SELECT COUNT(*) FROM reservations
		WHERE TO_CHAR(reservation_date, 'YYYY-MM-DD') = TO_CHAR(SYSDATE,
		'YYYY-MM-DD')
	</select>

</mapper>